total_pixels,added_pixels,removed_pixels,stable_field_pixels,stable_nonfield_pixels,changed_pixels,added_pct,removed_pct,stable_field_pct,stable_nonfield_pct,changed_pct,stability_pct,net_change_pixels,net_change_pct,from_year,to_year,transition
65136,7144,8284,12442,37266,15428,10.967821174158683,12.718005404077623,19.101572095308278,57.21260132645541,23.685826578236306,76.3141734217637,-1140,-1.7501842299189398,2020,2021,2020-2021
65136,9321,5700,13886,36229,15021,14.31005895357406,8.750921149594694,21.31847211987227,55.62054777695898,23.060980103168756,76.93901989683125,3621,5.559137803979366,2021,2022,2021-2022
65136,8408,6896,16311,33521,15304,12.908376320314419,10.58707934168509,25.04145173176124,51.46309260623925,23.495455661999507,76.50454433800049,1512,2.321296978629329,2022,2023,2022-2023
