total_pixels,added_pixels,removed_pixels,stable_field_pixels,stable_nonfield_pixels,changed_pixels,added_pct,removed_pct,stable_field_pct,stable_nonfield_pct,changed_pct,stability_pct,net_change_pixels,net_change_pct,from_year,to_year,transition
65136,5848,5055,27312,26921,10903,8.978138049619258,7.760685335298453,41.930729550479,41.33044706460329,16.738823384917712,83.26117661508229,793,1.217452714320805,2020,2021,2020-2021
65136,5819,5651,27509,26157,11470,8.93361581920904,8.675693932694669,42.233173667403584,40.15751658069271,17.60930975190371,82.39069024809629,168,0.25792188651437087,2021,2022,2021-2022
65136,5735,3464,29864,26073,9199,8.804654875951854,5.31810366003439,45.84868582657823,40.02855563743552,14.122758535986245,85.87724146401375,2271,3.4865512159174648,2022,2023,2022-2023
